round,category,value,clue,media,response,note,dont_trip
1,The Albums,200,"His debut album dropped in 2015, but it's named after a summer from almost ten years before.",,What is Summertime '06?,,
1,The Albums,400,"For his 2021 album, he kept the title simple and just used this.",,What is Vince Staples?,,
1,The Albums,600,The title of his 2022 album says this North Long Beach neighborhood broke his heart.,,What is Ramona Park?,,
1,The Albums,800,His 2017 album leans into house and Detroit techno and has a scared-looking guppy on the cover.,,What is Big Fish Theory?,,
1,The Albums,1000,He dropped this one in June 2026. It's his first album as an independent artist.,,What is Cry Baby?,,
1,Hometown,200,The Queen Mary is docked in this city. Vince grew up on its north side.,https://upload.wikimedia.org/wikipedia/commons/f/ff/Queen_Mary_Long_Beach.JPG,What is Long Beach?,"He was born in Compton but grew up in North Long Beach. Photo: Christophe Finot, CC BY-SA 2.5.",
1,Hometown,400,There's a skit on FM! that's literally a phone number with this Long Beach area code.,,What is 562?,,
1,Hometown,600,"As a kid, Vince played in the youth football league this Long Beach rapper started.",,Who is Snoop Dogg?,,
1,Hometown,800,A song on his 2021 album is named after a mall in the city right next door to Long Beach.,,"What is ""Lakewood Mall""?",,
1,Hometown,1000,"His 2018 GoFundMe asked for $2 million to make him quit music. It came up short, so the money went to a Long Beach library named after this former First Lady.",,Who is Michelle Obama?,,
1,Mixtape Era,200,Vince shows up on this Odd Future rapper's self-titled 2010 mixtape.,,Who is Earl Sweatshirt?,,
1,Mixtape Era,400,"Fill in the blank: his first mixtape ""Shyne ___"" got a Vol. 2 in 2014.",,What is Coldchain?,,
1,Mixtape Era,600,Vince met this Pittsburgh rapper through Odd Future. His place in L.A. became the hangout spot.,,Who is Mac Miller?,,
1,Mixtape Era,800,"He spent a ""Winter in"" this European capital on his 2012 tape with producer Michael Uzowuru.",,What is Prague?,,
1,Mixtape Era,1000,"2013's ""Stolen Youth"" was produced by a Pittsburgh rapper using this alias.",,Who is Larry Fisherman?,,
1,Life Aquatic,200,Kendrick hops on this track. The title is basically an eye roll.,,"What is ""Yeah Right""?",,
1,Life Aquatic,400,"Hear that voice on ""Big Fish""? That's this Three 6 Mafia legend.",https://youtu.be/0l9kzS_B7gg,Who is Juicy J?,,
1,Life Aquatic,600,Ty Dolla $ign sings on this album closer. Sounds like a weather report.,,"What is ""Rain Come Down""?",,
1,Life Aquatic,800,"This Scottish producer worked on ""Samo"" and passed away in 2021.",,Who is SOPHIE?,,
1,Life Aquatic,1000,"That interview on ""Alyssa Interlude""? It's this British singer, who died in 2011.",,Who is Amy Winehouse?,,
1,Featuring Vince,200,"He's on ""Ascension"" off ""Humanz"" by this cartoon band.",,Who are Gorillaz?,,
1,Featuring Vince,400,"He's on ""&Burn"" from the expanded ""Don't Smile at Me"" EP by this singer.",,Who is Billie Eilish?,,
1,Featuring Vince,600,"His song ""Home"" made the soundtrack of this 2018 animated Spider-Man movie.",,What is Spider-Man: Into the Spider-Verse?,,
1,Featuring Vince,800,He and this film composer remixed the Champions League anthem for a FIFA 19 trailer.,https://youtu.be/zX0AV6yxyrQ,Who is Hans Zimmer?,,yes
1,Featuring Vince,1000,"Tyler, the Creator brought him in on this 2023 song from the ""Call Me If You Get Lost"" deluxe.",,"What is ""Stuntman""?",,
1,Brand Deals,200,He's been doing ads for this lemon-lime soda since 2015.,,What is Sprite?,,
1,Brand Deals,400,His 2018 sneaker collab with this brand used artwork from his 2017 album.,,What is Converse?,,
1,Brand Deals,600,In 2022 he was in the ads bringing back this Acura model.,,What is the Integra?,,
1,Brand Deals,800,He and this tennis star were in a 2022 Beats Fit Pro ad together.,,Who is Naomi Osaka?,,
1,Brand Deals,1000,He modeled in this designer's fall 2016 campaign with Skrillex and Tinashe.,,Who is Alexander Wang?,,
2,Summertime '06,400,"""Summertime '06"" has two discs with 10 songs each. That makes it this kind of album.",,What is a double album?,,
2,Summertime '06,800,This producer signed Vince to his ARTium label and did most of the beats on the album.,,Who is No I.D.?,,
2,Summertime '06,1200,"This platinum single spells ""north"" the slang way two times in a row.",,"What is ""Norf Norf""?",,
2,Summertime '06,1600,"The album cover is a nod to ""Unknown Pleasures"" by this band.",,Who is Joy Division?,,yes
2,Summertime '06,2000,"""Señorita"" flips ""Covered N Money"" by this Atlanta rapper.",,Who is Future?,,
2,FM!,400,"The first song on FM! is ""Feels Like"" this season.",,What is summer?,,
2,FM!,800,This L.A. radio legend runs the skits on FM! like it's his morning show.,,Who is Big Boy?,,
2,FM!,1200,FM! is short. The whole album runs about this many minutes.,,What is 22?,It runs 22:16.,
2,FM!,1600,"There's an FM! interlude called ""Brand New"" this ""Rack City"" rapper.",,Who is Tyga?,,
2,FM!,2000,"This Bay Area legend behind ""Tell Me When to Go"" pops up on FM!",,Who is E-40?,,
2,The Vince Staples Show,400,The show dropped in 2024 on this streaming service.,,What is Netflix?,,
2,The Vince Staples Show,800,"Vince goes to the bank for a small business loan in ""Black Business"" and walks right into this.",,What is a bank robbery?,,
2,The Vince Staples Show,1200,"The family reunion in ""Brown Family"" turns into a fight over this side dish.",,What is macaroni and cheese?,,
2,The Vince Staples Show,1600,"It was inspired by this FX series. Its creator, Donald Glover, helped Vince make it.",,What is Atlanta?,,
2,The Vince Staples Show,2000,"His TV mom, Anita, is played by this ""Coming to America"" actress.",,Who is Vanessa Bell Calloway?,,
2,On Screen,400,"He played Maurice on ""Abbott Elementary"" and dated this teacher played by Quinta Brunson.",,Who is Janine Teagues?,,
2,On Screen,800,He was Speedy in the 2023 remake of this 1992 basketball movie.,,What is White Men Can't Jump?,,
2,On Screen,1200,He voiced a battle rapper on this cartoon starring CIA agent Stan Smith.,,What is American Dad!?,,yes
2,On Screen,1600,He had a small part in this 2015 Sundance movie about an Inglewood nerd named Malcolm.,,What is Dope?,,
2,On Screen,2000,He played himself on this Issa Rae show on HBO in 2020.,,What is Insecure?,,
2,Later Albums,400,His 2021 and 2022 albums both came out on this label that started in Detroit.,,What is Motown?,,
2,Later Albums,800,"This producer did every beat on 2021's ""Vince Staples"" and most of FM! too.",,Who is Kenny Beats?,,
2,Later Albums,1200,"""Magic"" has this L.A. producer on it. His real name is Dijon McFarlane.",,Who is Mustard?,,
2,Later Albums,1600,"""Dark Times"" was his first album without any of these.",,What are guest vocalists?,,
2,Later Albums,2000,"""Government Cheese"" samples this 2014 single of his. Think Elvis shoes.",https://youtu.be/SXKB-HpKWUI,"What is ""Blue Suede""?",,
2,The EPs,400,His 2016 EP is named after the Italian term for an opera's leading lady.,,What is Prima Donna?,,
2,The EPs,800,"The ""War Ready"" beat came from this English singer and producer.",,Who is James Blake?,,
2,The EPs,1200,"Listen close: ""War Ready"" samples the title track from this 1996 OutKast album.",https://youtu.be/A77CtH35E3k,What is ATLiens?,,
2,The EPs,1600,This Harlem rapper is on the title track of the 2016 EP.,,Who is A$AP Rocky?,,
2,The EPs,2000,His 2014 debut EP on Def Jam told hell to do this.,,What is wait?,,
final,Movie Trailers,,"A remix of ""BagBak"" was in a trailer for this 2018 movie. He's on the soundtrack too.",https://youtu.be/KF6x7g5ZfwM,What is Black Panther?,,
tiebreaker,Birthday,,Vince was born July 2 of this year.,https://upload.wikimedia.org/wikipedia/commons/e/e5/Vince_Staples_at_Splash%2121-_Festival_%282018%29.jpg,What is 1993?,"Photo: Lukas Henkel, CC BY-SA 4.0.",
